    {
        "formatVersion": 6,
        "title": "Illegal",
        "creators": ".index",
        "complexity": 0,
        "levelNodes": [
            {
                "levelNodeStatic": {
                    "shape": 1000,
                    "material": 8,
                    "position": {
                        "x": 18.875,
                        "y": 3.5,
                        "z": 5.125
                    },
                    "scale": {
                        "x": 3.875,
                        "y": 3.875,
                        "z": 3.875
                    },
                    "rotation": {
                        "x": -0.05585431307554245,
                        "y": 0.9372539520263672,
                        "z": 0.026045292615890503,
                        "w": 0.3431573212146759
                    },
                    "color": {
                        "r": 0,
                        "g": 0,
                        "b": 0,
                        "a": 1
                    }
                }
            },
            {
                "levelNodeStatic": {
                    "shape": 1001,
                    "material": 8,
                    "position": {
                        "x": 19.625,
                        "y": 3.5,
                        "z": -0.5
                    },
                    "scale": {
                        "x": 4,
                        "y": 4,
                        "z": 4
                    },
                    "rotation": {
                        "x": 0.133931502699852,
                        "y": 0.6289424300193787,
                        "z": 0.22516080737113953,
                        "w": 0.731981098651886
                    },
                    "color": {
                        "r": 0,
                        "g": 0,
                        "b": 0,
                        "a": 1
                    }
                }
            },
            {
                "levelNodeStatic": {
                    "shape": 1002,
                    "material": 8,
                    "position": {
                        "x": 16.25,
                        "y": 3.375,
                        "z": -3.25
                    },
                    "scale": {
                        "x": 2.5,
                        "y": 2.5,
                        "z": 2.5
                    },
                    "rotation": {
                        "x": -0.18893803656101227,
                        "y": 0.55100417137146,
                        "z": 0.46701231598854065,
                        "w": 0.6652792096138
                    },
                    "color": {
                        "r": 0,
                        "g": 0,
                        "b": 0,
                        "a": 1
                    }
                }
            },
            {
                "levelNodeStatic": {
                    "shape": 1003,
                    "material": 8,
                    "position": {
                        "x": 15.125,
                        "y": 4.375,
                        "z": -6.5
                    },
                    "scale": {
                        "x": 3.375,
                        "y": 3.375,
                        "z": 3.375
                    },
                    "rotation": {
                        "x": -0.5755664706230164,
                        "y": 0.31970638036727905,
                        "z": 0.43725860118865967,
                        "w": 0.6126304864883423
                    },
                    "color": {
                        "r": 0,
                        "g": 0,
                        "b": 0,
                        "a": 1
                    }
                }
            },
            {
                "levelNodeStatic": {
                    "shape": 1004,
                    "material": 8,
                    "position": {
                        "x": 12.375,
                        "y": 3.875,
                        "z": -4
                    },
                    "scale": {
                        "x": 3.5,
                        "y": 3.5,
                        "z": 3.5
                    },
                    "rotation": {
                        "x": 0.14564985036849976,
                        "y": 0.056218307465314865,
                        "z": 0.20266491174697876,
                        "w": 0.9667225480079651
                    },
                    "color": {
                        "r": 0,
                        "g": 0,
                        "b": 0,
                        "a": 1
                    }
                }
            },{
                "levelNodeStatic": {
                    "shape": 1000,
                    "material": 8,
                    "position": {
                        "x": 18.875,
                        "y": 3.5,
                        "z": 5.125
                    },
                    "scale": {
                        "x": 3.875,
                        "y": 3.875,
                        "z": 3.875
                    },
                    "rotation": {
                        "x": -0.05585431307554245,
                        "y": 0.9372539520263672,
                        "z": 0.026045292615890503,
                        "w": 0.3431573212146759
                    },
                    "color": {
                        "r": 1,
                        "g": 0,
                        "b": 0,
                        "a": 1
                    }
                }
            },
            {
                "levelNodeStatic": {
                    "shape": 1001,
                    "material": 8,
                    "position": {
                        "x": 19.625,
                        "y": 3.5,
                        "z": -0.5
                    },
                    "scale": {
                        "x": 4,
                        "y": 4,
                        "z": 4
                    },
                    "rotation": {
                        "x": 0.133931502699852,
                        "y": 0.6289424300193787,
                        "z": 0.22516080737113953,
                        "w": 0.731981098651886
                    },
                    "color": {
                        "r": 1,
                        "g": 0,
                        "b": 0,
                        "a": 1
                    }
                }
            },
            {
                "levelNodeStatic": {
                    "shape": 1002,
                    "material": 8,
                    "position": {
                        "x": 16.25,
                        "y": 3.375,
                        "z": -3.25
                    },
                    "scale": {
                        "x": 2.5,
                        "y": 2.5,
                        "z": 2.5
                    },
                    "rotation": {
                        "x": -0.18893803656101227,
                        "y": 0.55100417137146,
                        "z": 0.46701231598854065,
                        "w": 0.6652792096138
                    },
                    "color": {
                        "r": 1,
                        "g": 0,
                        "b": 0,
                        "a": 1
                    }
                }
            },
            {
                "levelNodeStatic": {
                    "shape": 1003,
                    "material": 8,
                    "position": {
                        "x": 15.125,
                        "y": 4.375,
                        "z": -6.5
                    },
                    "scale": {
                        "x": 3.375,
                        "y": 3.375,
                        "z": 3.375
                    },
                    "rotation": {
                        "x": -0.5755664706230164,
                        "y": 0.31970638036727905,